model,batch,num_recomp,total_recomp_ops,recomp_size_MB,max_allocated_gpu_MB,offline_time_s,training_time_s,budget
EleutherAI/pythia-160m,16,0,0,0,13259.0576171875,4.73300838470459,1304.1563177108765,7168.0
EleutherAI/pythia-160m,16,0,0,0,15923.6826171875,4.881750106811523,1203.1141757965088,10035.2
EleutherAI/pythia-160m,16,0,0,0,16451.8076171875,4.784580707550049,1182.1157023906708,13619.2
facebook/opt-350m,8,0,0,0,14456.1533203125,8.919317483901978,3624.2750725746155,8192.0
facebook/opt-350m,8,0,0,0,16824.68701171875,8.943082571029663,3404.8089015483856,11059.2
facebook/opt-350m,8,0,0,0,19016.822265625,8.937299251556396,3202.709112405777,14643.2
openai-community/gpt2,8,0,0,0,9843.31640625,4.240936040878296,1503.4450452327728,6144.0
openai-community/gpt2,8,0,0,0,11479.53076171875,4.27708625793457,1424.0621130466461,7823.36
openai-community/gpt2,8,0,0,0,12559.4375,4.237612724304199,1365.8362691402435,9922.56
